PType,ProviderName,NumberOfOption,GetAppPoint
host,hostinger,8,4.6
host,hostinger,8,4.6
host,hostinger,8,4.6
host,hostinger,8,4.6
host,hostinger,8,4.6
host,hostinger,8,4.6
host,hostinger,8,4.6
host,hostinger,8,4.6
drive,sync,3,4.9
drive,sync,3,4.9
drive,sync,3,4.9
vm,paperspace,28,3.4
vm,paperspace,28,3.4
vm,paperspace,28,3.4
vm,paperspace,28,3.4
vm,paperspace,28,3.4
vm,paperspace,28,3.4
vm,paperspace,28,3.4
vm,paperspace,28,3.4
vm,paperspace,28,3.4
vm,paperspace,28,3.4
vm,paperspace,28,3.4
vm,paperspace,28,3.4
vm,paperspace,28,3.4
vm,paperspace,28,3.4
vm,paperspace,28,3.4
vm,paperspace,28,3.4
vm,paperspace,28,3.4
vm,paperspace,28,3.4
vm,paperspace,28,3.4
vm,paperspace,28,3.4
vm,paperspace,28,3.4
vm,paperspace,28,3.4
vm,paperspace,28,3.4
vm,paperspace,28,3.4
vm,paperspace,28,3.4
vm,paperspace,28,3.4
vm,paperspace,28,3.4
vm,paperspace,28,3.4
